PAGE N°;JUZ;"ROUB' /
QUARTER";SURAH;"STARTING 
AT VERSE";"ENDING 
AT VERSE";;;;;;;;;;;;;;;;;;;;
1;;;;;;;;;;;;;;;;;;;;;;;;;
2;1;1;1;1;7;;;;;;;;;;;;;;;;;;;;
3;1;1;2;1;4;;;;;;;;;;;;;;;;;;;;
4;1;1;;;;;;;;;;;;;;;;;;;;;;;
5;1;1;;;;;;;;;;;;;;;;;;;;;;;
6;1;1;;;;;;;;;;;;;;;;;;;;;;;
7;1;1;;;;;;;;;;;;;;;;;;;;;;;
8;1;1;;;;;;;;;;;;;;;;;;;;;;;
9;1;1;;;;;;;;;;;;;;;;;;;;;;;
10;1;2;;;;;;;;;;;;;;;;;;;;;;;
11;1;2;;;;;;;;;;;;;;;;;;;;;;;
12;1;2;;;;;;;;;;;;;;;;;;;;;;;
13;1;2;;;;;;;;;;;;;;;;;;;;;;;
14;1;2;;;;;;;;;;;;;;;;;;;;;;;
15;1;2;;;;;;;;;;;;;;;;;;;;;;;
16;1;3;;;;;;;;;;;;;;;;;;;;;;;
17;1;3;;;;;;;;;;;;;;;;;;;;;;;
18;1;3;;;;;;;;;;;;;;;;;;;;;;;
19;1;3;;;;;;;;;;;;;;;;;;;;;;;
20;1;3;;;;;;;;;;;;;;;;;;;;;;;
21;1;3;;;;;;;;;;;;;;;;;;;;;;;
22;1;3;;;;;;;;;;;;;;;;;;;;;;;
23;1;4;;;;;;;;;;;;;;;;;;;;;;;
24;1;4;;;;;;;;;;;;;;;;;;;;;;;
25;1;4;;;;;;;;;;;;;;;;;;;;;;;
26;1;4;;;;;;;;;;;;;;;;;;;;;;;
27;1;4;;;;;;;;;;;;;;;;;;;;;;;
28;1;4;;;;;;;;;;;;;;;;;;;;;;;
29;2;1;;;;;;;;;;;;;;;;;;;;;;;
30;2;1;;;;;;;;;;;;;;;;;;;;;;;
31;2;1;;;;;;;;;;;;;;;;;;;;;;;
32;2;1;;;;;;;;;;;;;;;;;;;;;;;
33;2;1;;;;;;;;;;;;;;;;;;;;;;;
34;2;1;;;;;;;;;;;;;;;;;;;;;;;
35;2;1;;;;;;;;;;;;;;;;;;;;;;;
36;2;2;;;;;;;;;;;;;;;;;;;;;;;
37;2;2;;;;;;;;;;;;;;;;;;;;;;;
38;2;2;;;;;;;;;;;;;;;;;;;;;;;
39;2;2;;;;;;;;;;;;;;;;;;;;;;;
40;2;2;;;;;;;;;;;;;;;;;;;;;;;
41;2;2;;;;;;;;;;;;;;;;;;;;;;;
42;2;2;;;;;;;;;;;;;;;;;;;;;;;
43;2;2;;;;;;;;;;;;;;;;;;;;;;;
44;2;3;;;;;;;;;;;;;;;;;;;;;;;
45;2;3;;;;;;;;;;;;;;;;;;;;;;;
46;2;3;;;;;;;;;;;;;;;;;;;;;;;
47;2;3;;;;;;;;;;;;;;;;;;;;;;;
48;2;3;;;;;;;;;;;;;;;;;;;;;;;
49;2;3;;;;;;;;;;;;;;;;;;;;;;;
50;2;4;;;;;;;;;;;;;;;;;;;;;;;
51;2;4;;;;;;;;;;;;;;;;;;;;;;;
52;2;4;;;;;;;;;;;;;;;;;;;;;;;
53;2;4;;;;;;;;;;;;;;;;;;;;;;;
54;2;4;;;;;;;;;;;;;;;;;;;;;;;
55;2;4;;;;;;;;;;;;;;;;;;;;;;;
56;2;4;;;;;;;;;;;;;;;;;;;;;;;
57;3;1;;;;;;;;;;;;;;;;;;;;;;;
58;3;1;;;;;;;;;;;;;;;;;;;;;;;
59;3;1;;;;;;;;;;;;;;;;;;;;;;;
60;3;1;;;;;;;;;;;;;;;;;;;;;;;
61;3;1;;;;;;;;;;;;;;;;;;;;;;;
62;3;1;;;;;;;;;;;;;;;;;;;;;;;
63;3;2;;;;;;;;;;;;;;;;;;;;;;;
64;3;2;;;;;;;;;;;;;;;;;;;;;;;
65;3;2;;;;;;;;;;;;;;;;;;;;;;;
66;3;2;;;;;;;;;;;;;;;;;;;;;;;
67;3;2;;;;;;;;;;;;;;;;;;;;;;;
68;3;2;;;;;;;;;;;;;;;;;;;;;;;
69;3;2;;;;;;;;;;;;;;;;;;;;;;;
70;3;2;;;;;;;;;;;;;;;;;;;;;;;
71;3;3;;;;;;;;;;;;;;;;;;;;;;;
72;3;3;;;;;;;;;;;;;;;;;;;;;;;
73;3;3;;;;;;;;;;;;;;;;;;;;;;;
74;3;3;;;;;;;;;;;;;;;;;;;;;;;
75;3;3;;;;;;;;;;;;;;;;;;;;;;;
76;3;3;;;;;;;;;;;;;;;;;;;;;;;
77;3;3;;;;;;;;;;;;;;;;;;;;;;;
78;3;4;;;;;;;;;;;;;;;;;;;;;;;
79;3;4;;;;;;;;;;;;;;;;;;;;;;;
80;3;4;;;;;;;;;;;;;;;;;;;;;;;
81;3;4;;;;;;;;;;;;;;;;;;;;;;;
82;3;4;;;;;;;;;;;;;;;;;;;;;;;
83;3;4;;;;;;;;;;;;;;;;;;;;;;;
84;3;4;;;;;;;;;;;;;;;;;;;;;;;
85;4;1;;;;;;;;;;;;;;;;;;;;;;;
86;4;1;;;;;;;;;;;;;;;;;;;;;;;
87;4;1;;;;;;;;;;;;;;;;;;;;;;;
88;4;1;;;;;;;;;;;;;;;;;;;;;;;
89;4;1;;;;;;;;;;;;;;;;;;;;;;;
90;4;1;;;;;;;;;;;;;;;;;;;;;;;
91;4;1;;;;;;;;;;;;;;;;;;;;;;;
92;4;2;;;;;;;;;;;;;;;;;;;;;;;
93;4;2;;;;;;;;;;;;;;;;;;;;;;;
94;4;2;;;;;;;;;;;;;;;;;;;;;;;
95;4;2;;;;;;;;;;;;;;;;;;;;;;;
96;4;2;;;;;;;;;;;;;;;;;;;;;;;
97;4;2;;;;;;;;;;;;;;;;;;;;;;;
98;4;2;;;;;;;;;;;;;;;;;;;;;;;
99;4;2;;;;;;;;;;;;;;;;;;;;;;;
100;4;3;;;;;;;;;;;;;;;;;;;;;;;
101;4;3;;;;;;;;;;;;;;;;;;;;;;;
102;4;3;;;;;;;;;;;;;;;;;;;;;;;
103;4;3;;;;;;;;;;;;;;;;;;;;;;;
104;4;3;;;;;;;;;;;;;;;;;;;;;;;
105;4;3;;;;;;;;;;;;;;;;;;;;;;;
106;4;4;;;;;;;;;;;;;;;;;;;;;;;
107;4;4;;;;;;;;;;;;;;;;;;;;;;;
108;4;4;;;;;;;;;;;;;;;;;;;;;;;
109;4;4;;;;;;;;;;;;;;;;;;;;;;;
110;4;4;;;;;;;;;;;;;;;;;;;;;;;
111;4;4;;;;;;;;;;;;;;;;;;;;;;;
112;4;4;;;;;;;;;;;;;;;;;;;;;;;
113;5;1;;;;;;;;;;;;;;;;;;;;;;;
114;5;1;;;;;;;;;;;;;;;;;;;;;;;
115;5;1;;;;;;;;;;;;;;;;;;;;;;;
116;5;1;;;;;;;;;;;;;;;;;;;;;;;
117;5;1;;;;;;;;;;;;;;;;;;;;;;;
118;5;1;;;;;;;;;;;;;;;;;;;;;;;
119;5;1;;;;;;;;;;;;;;;;;;;;;;;
120;5;1;;;;;;;;;;;;;;;;;;;;;;;
121;5;2;;;;;;;;;;;;;;;;;;;;;;;
122;5;2;;;;;;;;;;;;;;;;;;;;;;;
123;5;2;;;;;;;;;;;;;;;;;;;;;;;
124;5;2;;;;;;;;;;;;;;;;;;;;;;;
125;5;2;;;;;;;;;;;;;;;;;;;;;;;
126;5;2;;;;;;;;;;;;;;;;;;;;;;;
127;5;3;;;;;;;;;;;;;;;;;;;;;;;
128;5;3;;;;;;;;;;;;;;;;;;;;;;;
129;5;3;;;;;;;;;;;;;;;;;;;;;;;
130;5;3;;;;;;;;;;;;;;;;;;;;;;;
131;5;3;;;;;;;;;;;;;;;;;;;;;;;
132;5;3;;;;;;;;;;;;;;;;;;;;;;;
133;5;3;;;;;;;;;;;;;;;;;;;;;;;
134;5;4;;;;;;;;;;;;;;;;;;;;;;;
135;5;4;;;;;;;;;;;;;;;;;;;;;;;
136;5;4;;;;;;;;;;;;;;;;;;;;;;;
137;5;4;;;;;;;;;;;;;;;;;;;;;;;
138;5;4;;;;;;;;;;;;;;;;;;;;;;;
139;5;4;;;;;;;;;;;;;;;;;;;;;;;
140;5;4;;;;;;;;;;;;;;;;;;;;;;;
141;6;1;;;;;;;;;;;;;;;;;;;;;;;
142;6;1;;;;;;;;;;;;;;;;;;;;;;;
143;6;1;;;;;;;;;;;;;;;;;;;;;;;
144;6;1;;;;;;;;;;;;;;;;;;;;;;;
145;6;1;;;;;;;;;;;;;;;;;;;;;;;
146;6;1;;;;;;;;;;;;;;;;;;;;;;;
147;6;1;;;;;;;;;;;;;;;;;;;;;;;
148;6;1;;;;;;;;;;;;;;;;;;;;;;;
149;6;2;;;;;;;;;;;;;;;;;;;;;;;
150;6;2;;;;;;;;;;;;;;;;;;;;;;;
151;6;2;;;;;;;;;;;;;;;;;;;;;;;
152;6;2;;;;;;;;;;;;;;;;;;;;;;;
153;6;2;;;;;;;;;;;;;;;;;;;;;;;
154;6;2;;;;;;;;;;;;;;;;;;;;;;;
155;6;2;;;;;;;;;;;;;;;;;;;;;;;
156;6;3;;;;;;;;;;;;;;;;;;;;;;;
157;6;3;;;;;;;;;;;;;;;;;;;;;;;
158;6;3;;;;;;;;;;;;;;;;;;;;;;;
159;6;3;;;;;;;;;;;;;;;;;;;;;;;
160;6;3;;;;;;;;;;;;;;;;;;;;;;;
161;6;3;;;;;;;;;;;;;;;;;;;;;;;
162;6;4;;;;;;;;;;;;;;;;;;;;;;;
163;6;4;;;;;;;;;;;;;;;;;;;;;;;
164;6;4;;;;;;;;;;;;;;;;;;;;;;;
165;6;4;;;;;;;;;;;;;;;;;;;;;;;
166;6;4;;;;;;;;;;;;;;;;;;;;;;;
167;6;4;;;;;;;;;;;;;;;;;;;;;;;
168;6;4;;;;;;;;;;;;;;;;;;;;;;;
169;7;1;;;;;;;;;;;;;;;;;;;;;;;
170;7;1;;;;;;;;;;;;;;;;;;;;;;;
171;7;1;;;;;;;;;;;;;;;;;;;;;;;
172;7;1;;;;;;;;;;;;;;;;;;;;;;;
173;7;1;;;;;;;;;;;;;;;;;;;;;;;
174;7;1;;;;;;;;;;;;;;;;;;;;;;;
175;7;1;;;;;;;;;;;;;;;;;;;;;;;
176;7;2;;;;;;;;;;;;;;;;;;;;;;;
177;7;2;;;;;;;;;;;;;;;;;;;;;;;
178;7;2;;;;;;;;;;;;;;;;;;;;;;;
179;7;2;;;;;;;;;;;;;;;;;;;;;;;
180;7;2;;;;;;;;;;;;;;;;;;;;;;;
181;7;2;;;;;;;;;;;;;;;;;;;;;;;
182;7;2;;;;;;;;;;;;;;;;;;;;;;;
183;7;2;;;;;;;;;;;;;;;;;;;;;;;
184;7;3;;;;;;;;;;;;;;;;;;;;;;;
185;7;3;;;;;;;;;;;;;;;;;;;;;;;
186;7;3;;;;;;;;;;;;;;;;;;;;;;;
187;7;3;;;;;;;;;;;;;;;;;;;;;;;
188;7;3;;;;;;;;;;;;;;;;;;;;;;;
189;7;3;;;;;;;;;;;;;;;;;;;;;;;
190;7;3;;;;;;;;;;;;;;;;;;;;;;;
191;7;4;;;;;;;;;;;;;;;;;;;;;;;
192;7;4;;;;;;;;;;;;;;;;;;;;;;;
193;7;4;;;;;;;;;;;;;;;;;;;;;;;
194;7;4;;;;;;;;;;;;;;;;;;;;;;;
195;7;4;;;;;;;;;;;;;;;;;;;;;;;
196;7;4;;;;;;;;;;;;;;;;;;;;;;;
197;8;1;;;;;;;;;;;;;;;;;;;;;;;
198;8;1;;;;;;;;;;;;;;;;;;;;;;;
199;8;1;;;;;;;;;;;;;;;;;;;;;;;
200;8;1;;;;;;;;;;;;;;;;;;;;;;;
201;8;1;;;;;;;;;;;;;;;;;;;;;;;
202;8;2;;;;;;;;;;;;;;;;;;;;;;;
203;8;2;;;;;;;;;;;;;;;;;;;;;;;
204;8;2;;;;;;;;;;;;;;;;;;;;;;;
205;8;2;;;;;;;;;;;;;;;;;;;;;;;
206;8;2;;;;;;;;;;;;;;;;;;;;;;;
207;8;2;;;;;;;;;;;;;;;;;;;;;;;
208;8;2;;;;;;;;;;;;;;;;;;;;;;;
209;8;3;;;;;;;;;;;;;;;;;;;;;;;
210;8;3;;;;;;;;;;;;;;;;;;;;;;;
211;8;3;;;;;;;;;;;;;;;;;;;;;;;
212;8;3;;;;;;;;;;;;;;;;;;;;;;;
213;8;3;;;;;;;;;;;;;;;;;;;;;;;
214;8;3;;;;;;;;;;;;;;;;;;;;;;;
215;8;3;;;;;;;;;;;;;;;;;;;;;;;
216;8;3;;;;;;;;;;;;;;;;;;;;;;;
217;8;4;;;;;;;;;;;;;;;;;;;;;;;
218;8;4;;;;;;;;;;;;;;;;;;;;;;;
219;8;4;;;;;;;;;;;;;;;;;;;;;;;
220;8;4;;;;;;;;;;;;;;;;;;;;;;;
221;8;4;;;;;;;;;;;;;;;;;;;;;;;
222;8;4;;;;;;;;;;;;;;;;;;;;;;;
223;8;4;;;;;;;;;;;;;;;;;;;;;;;
224;8;4;;;;;;;;;;;;;;;;;;;;;;;
225;9;1;;;;;;;;;;;;;;;;;;;;;;;
226;9;1;;;;;;;;;;;;;;;;;;;;;;;
227;9;1;;;;;;;;;;;;;;;;;;;;;;;
228;9;1;;;;;;;;;;;;;;;;;;;;;;;
229;9;1;;;;;;;;;;;;;;;;;;;;;;;
230;9;1;;;;;;;;;;;;;;;;;;;;;;;
231;9;1;;;;;;;;;;;;;;;;;;;;;;;
232;9;2;;;;;;;;;;;;;;;;;;;;;;;
233;9;2;;;;;;;;;;;;;;;;;;;;;;;
234;9;2;;;;;;;;;;;;;;;;;;;;;;;
235;9;2;;;;;;;;;;;;;;;;;;;;;;;
236;9;2;;;;;;;;;;;;;;;;;;;;;;;
237;9;2;;;;;;;;;;;;;;;;;;;;;;;
238;9;2;;;;;;;;;;;;;;;;;;;;;;;
239;9;2;;;;;;;;;;;;;;;;;;;;;;;
240;9;3;;;;;;;;;;;;;;;;;;;;;;;
241;9;3;;;;;;;;;;;;;;;;;;;;;;;
242;9;3;;;;;;;;;;;;;;;;;;;;;;;
243;9;3;;;;;;;;;;;;;;;;;;;;;;;
244;9;3;;;;;;;;;;;;;;;;;;;;;;;
245;9;3;;;;;;;;;;;;;;;;;;;;;;;
246;9;4;;;;;;;;;;;;;;;;;;;;;;;
247;9;4;;;;;;;;;;;;;;;;;;;;;;;
248;9;4;;;;;;;;;;;;;;;;;;;;;;;
249;9;4;;;;;;;;;;;;;;;;;;;;;;;
250;9;4;;;;;;;;;;;;;;;;;;;;;;;
251;9;4;;;;;;;;;;;;;;;;;;;;;;;
252;9;4;;;;;;;;;;;;;;;;;;;;;;;
253;10;1;;;;;;;;;;;;;;;;;;;;;;;
254;10;1;;;;;;;;;;;;;;;;;;;;;;;
255;10;1;;;;;;;;;;;;;;;;;;;;;;;
256;10;1;;;;;;;;;;;;;;;;;;;;;;;
257;10;1;;;;;;;;;;;;;;;;;;;;;;;
258;10;1;;;;;;;;;;;;;;;;;;;;;;;
259;10;1;;;;;;;;;;;;;;;;;;;;;;;
260;10;2;;;;;;;;;;;;;;;;;;;;;;;
261;10;2;;;;;;;;;;;;;;;;;;;;;;;
262;10;2;;;;;;;;;;;;;;;;;;;;;;;
263;10;2;;;;;;;;;;;;;;;;;;;;;;;
264;10;2;;;;;;;;;;;;;;;;;;;;;;;
265;10;2;;;;;;;;;;;;;;;;;;;;;;;
266;10;2;;;;;;;;;;;;;;;;;;;;;;;
267;10;2;;;;;;;;;;;;;;;;;;;;;;;
268;10;3;;;;;;;;;;;;;;;;;;;;;;;
269;10;3;;;;;;;;;;;;;;;;;;;;;;;
270;10;3;;;;;;;;;;;;;;;;;;;;;;;
271;10;3;;;;;;;;;;;;;;;;;;;;;;;
272;10;3;;;;;;;;;;;;;;;;;;;;;;;
273;10;3;;;;;;;;;;;;;;;;;;;;;;;
274;10;4;;;;;;;;;;;;;;;;;;;;;;;
275;10;4;;;;;;;;;;;;;;;;;;;;;;;
276;10;4;;;;;;;;;;;;;;;;;;;;;;;
277;10;4;;;;;;;;;;;;;;;;;;;;;;;
278;10;4;;;;;;;;;;;;;;;;;;;;;;;
279;10;4;;;;;;;;;;;;;;;;;;;;;;;
280;10;4;;;;;;;;;;;;;;;;;;;;;;;
281;11;1;;;;;;;;;;;;;;;;;;;;;;;
282;11;1;;;;;;;;;;;;;;;;;;;;;;;
283;11;1;;;;;;;;;;;;;;;;;;;;;;;
284;11;1;;;;;;;;;;;;;;;;;;;;;;;
285;11;1;;;;;;;;;;;;;;;;;;;;;;;
286;11;1;;;;;;;;;;;;;;;;;;;;;;;
287;11;1;;;;;;;;;;;;;;;;;;;;;;;
288;11;2;;;;;;;;;;;;;;;;;;;;;;;
289;11;2;;;;;;;;;;;;;;;;;;;;;;;
290;11;2;;;;;;;;;;;;;;;;;;;;;;;
291;11;2;;;;;;;;;;;;;;;;;;;;;;;
292;11;2;;;;;;;;;;;;;;;;;;;;;;;
293;11;2;;;;;;;;;;;;;;;;;;;;;;;
294;11;2;;;;;;;;;;;;;;;;;;;;;;;
295;11;3;;;;;;;;;;;;;;;;;;;;;;;
296;11;3;;;;;;;;;;;;;;;;;;;;;;;
297;11;3;;;;;;;;;;;;;;;;;;;;;;;
298;11;3;;;;;;;;;;;;;;;;;;;;;;;
299;11;3;;;;;;;;;;;;;;;;;;;;;;;
300;11;3;;;;;;;;;;;;;;;;;;;;;;;
301;11;4;;;;;;;;;;;;;;;;;;;;;;;
302;11;4;;;;;;;;;;;;;;;;;;;;;;;
303;11;4;;;;;;;;;;;;;;;;;;;;;;;
304;11;4;;;;;;;;;;;;;;;;;;;;;;;
305;11;4;;;;;;;;;;;;;;;;;;;;;;;
306;11;4;;;;;;;;;;;;;;;;;;;;;;;
307;11;4;;;;;;;;;;;;;;;;;;;;;;;
308;11;4;;;;;;;;;;;;;;;;;;;;;;;
309;12;1;;;;;;;;;;;;;;;;;;;;;;;
310;12;1;;;;;;;;;;;;;;;;;;;;;;;
311;12;1;;;;;;;;;;;;;;;;;;;;;;;
312;12;1;;;;;;;;;;;;;;;;;;;;;;;
313;12;1;;;;;;;;;;;;;;;;;;;;;;;
314;12;1;;;;;;;;;;;;;;;;;;;;;;;
315;12;1;;;;;;;;;;;;;;;;;;;;;;;
316;12;2;;;;;;;;;;;;;;;;;;;;;;;
317;12;2;;;;;;;;;;;;;;;;;;;;;;;
318;12;2;;;;;;;;;;;;;;;;;;;;;;;
319;12;2;;;;;;;;;;;;;;;;;;;;;;;
320;12;2;;;;;;;;;;;;;;;;;;;;;;;
321;12;2;;;;;;;;;;;;;;;;;;;;;;;
322;12;3;;;;;;;;;;;;;;;;;;;;;;;
323;12;3;;;;;;;;;;;;;;;;;;;;;;;
324;12;3;;;;;;;;;;;;;;;;;;;;;;;
325;12;3;;;;;;;;;;;;;;;;;;;;;;;
326;12;3;;;;;;;;;;;;;;;;;;;;;;;
327;12;3;;;;;;;;;;;;;;;;;;;;;;;
328;12;3;;;;;;;;;;;;;;;;;;;;;;;
329;12;3;;;;;;;;;;;;;;;;;;;;;;;
330;12;3;;;;;;;;;;;;;;;;;;;;;;;
331;12;4;;;;;;;;;;;;;;;;;;;;;;;
332;12;4;;;;;;;;;;;;;;;;;;;;;;;
333;12;4;;;;;;;;;;;;;;;;;;;;;;;
334;12;4;;;;;;;;;;;;;;;;;;;;;;;
335;12;4;;;;;;;;;;;;;;;;;;;;;;;
336;12;4;;;;;;;;;;;;;;;;;;;;;;;
337;13;1;;;;;;;;;;;;;;;;;;;;;;;
338;13;1;;;;;;;;;;;;;;;;;;;;;;;
339;13;1;;;;;;;;;;;;;;;;;;;;;;;
340;13;1;;;;;;;;;;;;;;;;;;;;;;;
341;13;1;;;;;;;;;;;;;;;;;;;;;;;
342;13;1;;;;;;;;;;;;;;;;;;;;;;;
343;13;1;;;;;;;;;;;;;;;;;;;;;;;
344;13;1;;;;;;;;;;;;;;;;;;;;;;;
345;13;2;;;;;;;;;;;;;;;;;;;;;;;
346;13;2;;;;;;;;;;;;;;;;;;;;;;;
347;13;2;;;;;;;;;;;;;;;;;;;;;;;
348;13;2;;;;;;;;;;;;;;;;;;;;;;;
349;13;2;;;;;;;;;;;;;;;;;;;;;;;
350;13;2;;;;;;;;;;;;;;;;;;;;;;;
351;13;3;;;;;;;;;;;;;;;;;;;;;;;
352;13;3;;;;;;;;;;;;;;;;;;;;;;;
353;13;3;;;;;;;;;;;;;;;;;;;;;;;
354;13;3;;;;;;;;;;;;;;;;;;;;;;;
355;13;3;;;;;;;;;;;;;;;;;;;;;;;
356;13;3;;;;;;;;;;;;;;;;;;;;;;;
357;13;3;;;;;;;;;;;;;;;;;;;;;;;
358;13;4;;;;;;;;;;;;;;;;;;;;;;;
359;13;4;;;;;;;;;;;;;;;;;;;;;;;
360;13;4;;;;;;;;;;;;;;;;;;;;;;;
361;13;4;;;;;;;;;;;;;;;;;;;;;;;
362;13;4;;;;;;;;;;;;;;;;;;;;;;;
363;13;4;;;;;;;;;;;;;;;;;;;;;;;
364;13;4;;;;;;;;;;;;;;;;;;;;;;;
365;14;1;;;;;;;;;;;;;;;;;;;;;;;
366;14;1;;;;;;;;;;;;;;;;;;;;;;;
367;14;1;;;;;;;;;;;;;;;;;;;;;;;
368;14;1;;;;;;;;;;;;;;;;;;;;;;;
369;14;1;;;;;;;;;;;;;;;;;;;;;;;
370;14;1;;;;;;;;;;;;;;;;;;;;;;;
371;14;1;;;;;;;;;;;;;;;;;;;;;;;
372;14;2;;;;;;;;;;;;;;;;;;;;;;;
373;14;2;;;;;;;;;;;;;;;;;;;;;;;
374;14;2;;;;;;;;;;;;;;;;;;;;;;;
375;14;2;;;;;;;;;;;;;;;;;;;;;;;
376;14;2;;;;;;;;;;;;;;;;;;;;;;;
377;14;2;;;;;;;;;;;;;;;;;;;;;;;
378;14;2;;;;;;;;;;;;;;;;;;;;;;;
379;14;3;;;;;;;;;;;;;;;;;;;;;;;
380;14;3;;;;;;;;;;;;;;;;;;;;;;;
381;14;3;;;;;;;;;;;;;;;;;;;;;;;
382;14;3;;;;;;;;;;;;;;;;;;;;;;;
383;14;3;;;;;;;;;;;;;;;;;;;;;;;
384;14;3;;;;;;;;;;;;;;;;;;;;;;;
385;14;3;;;;;;;;;;;;;;;;;;;;;;;
386;14;4;;;;;;;;;;;;;;;;;;;;;;;
387;14;4;;;;;;;;;;;;;;;;;;;;;;;
388;14;4;;;;;;;;;;;;;;;;;;;;;;;
389;14;4;;;;;;;;;;;;;;;;;;;;;;;
390;14;4;;;;;;;;;;;;;;;;;;;;;;;
391;14;4;;;;;;;;;;;;;;;;;;;;;;;
392;14;4;;;;;;;;;;;;;;;;;;;;;;;
393;15;1;;;;;;;;;;;;;;;;;;;;;;;
394;15;1;;;;;;;;;;;;;;;;;;;;;;;
395;15;1;;;;;;;;;;;;;;;;;;;;;;;
396;15;1;;;;;;;;;;;;;;;;;;;;;;;
397;15;1;;;;;;;;;;;;;;;;;;;;;;;
398;15;1;;;;;;;;;;;;;;;;;;;;;;;
399;15;1;;;;;;;;;;;;;;;;;;;;;;;
400;15;2;;;;;;;;;;;;;;;;;;;;;;;
401;15;2;;;;;;;;;;;;;;;;;;;;;;;
402;15;2;;;;;;;;;;;;;;;;;;;;;;;
403;15;2;;;;;;;;;;;;;;;;;;;;;;;
404;15;2;;;;;;;;;;;;;;;;;;;;;;;
405;15;2;;;;;;;;;;;;;;;;;;;;;;;
406;15;2;;;;;;;;;;;;;;;;;;;;;;;
407;15;3;;;;;;;;;;;;;;;;;;;;;;;
408;15;3;;;;;;;;;;;;;;;;;;;;;;;
409;15;3;;;;;;;;;;;;;;;;;;;;;;;
410;15;3;;;;;;;;;;;;;;;;;;;;;;;
411;15;3;;;;;;;;;;;;;;;;;;;;;;;
412;15;3;;;;;;;;;;;;;;;;;;;;;;;
413;15;3;;;;;;;;;;;;;;;;;;;;;;;
414;15;4;;;;;;;;;;;;;;;;;;;;;;;
415;15;4;;;;;;;;;;;;;;;;;;;;;;;
416;15;4;;;;;;;;;;;;;;;;;;;;;;;
417;15;4;;;;;;;;;;;;;;;;;;;;;;;
418;15;4;;;;;;;;;;;;;;;;;;;;;;;
419;15;4;;;;;;;;;;;;;;;;;;;;;;;
420;15;4;;;;;;;;;;;;;;;;;;;;;;;
421;16;1;;;;;;;;;;;;;;;;;;;;;;;
422;16;1;;;;;;;;;;;;;;;;;;;;;;;
423;16;1;;;;;;;;;;;;;;;;;;;;;;;
424;16;1;;;;;;;;;;;;;;;;;;;;;;;
425;16;1;;;;;;;;;;;;;;;;;;;;;;;
426;16;1;;;;;;;;;;;;;;;;;;;;;;;
427;16;1;;;;;;;;;;;;;;;;;;;;;;;
428;16;1;;;;;;;;;;;;;;;;;;;;;;;
429;16;2;;;;;;;;;;;;;;;;;;;;;;;
430;16;2;;;;;;;;;;;;;;;;;;;;;;;
431;16;2;;;;;;;;;;;;;;;;;;;;;;;
432;16;2;;;;;;;;;;;;;;;;;;;;;;;
433;16;2;;;;;;;;;;;;;;;;;;;;;;;
434;16;2;;;;;;;;;;;;;;;;;;;;;;;
435;16;3;;;;;;;;;;;;;;;;;;;;;;;
436;16;3;;;;;;;;;;;;;;;;;;;;;;;
437;16;3;;;;;;;;;;;;;;;;;;;;;;;
438;16;3;;;;;;;;;;;;;;;;;;;;;;;
439;16;3;;;;;;;;;;;;;;;;;;;;;;;
440;16;3;;;;;;;;;;;;;;;;;;;;;;;
441;16;4;;;;;;;;;;;;;;;;;;;;;;;
442;16;4;;;;;;;;;;;;;;;;;;;;;;;
443;16;4;;;;;;;;;;;;;;;;;;;;;;;
444;16;4;;;;;;;;;;;;;;;;;;;;;;;
445;16;4;;;;;;;;;;;;;;;;;;;;;;;
446;16;4;;;;;;;;;;;;;;;;;;;;;;;
447;16;4;;;;;;;;;;;;;;;;;;;;;;;
448;16;4;;;;;;;;;;;;;;;;;;;;;;;
449;17;1;;;;;;;;;;;;;;;;;;;;;;;
450;17;1;;;;;;;;;;;;;;;;;;;;;;;
451;17;1;;;;;;;;;;;;;;;;;;;;;;;
452;17;1;;;;;;;;;;;;;;;;;;;;;;;
453;17;1;;;;;;;;;;;;;;;;;;;;;;;
454;17;1;;;;;;;;;;;;;;;;;;;;;;;
455;17;2;;;;;;;;;;;;;;;;;;;;;;;
456;17;2;;;;;;;;;;;;;;;;;;;;;;;
457;17;2;;;;;;;;;;;;;;;;;;;;;;;
458;17;2;;;;;;;;;;;;;;;;;;;;;;;
459;17;2;;;;;;;;;;;;;;;;;;;;;;;
460;17;2;;;;;;;;;;;;;;;;;;;;;;;
461;17;2;;;;;;;;;;;;;;;;;;;;;;;
462;17;3;;;;;;;;;;;;;;;;;;;;;;;
463;17;3;;;;;;;;;;;;;;;;;;;;;;;
464;17;3;;;;;;;;;;;;;;;;;;;;;;;
465;17;3;;;;;;;;;;;;;;;;;;;;;;;
466;17;3;;;;;;;;;;;;;;;;;;;;;;;
467;17;3;;;;;;;;;;;;;;;;;;;;;;;
468;17;3;;;;;;;;;;;;;;;;;;;;;;;
469;17;4;;;;;;;;;;;;;;;;;;;;;;;
470;17;4;;;;;;;;;;;;;;;;;;;;;;;
471;17;4;;;;;;;;;;;;;;;;;;;;;;;
472;17;4;;;;;;;;;;;;;;;;;;;;;;;
473;17;4;;;;;;;;;;;;;;;;;;;;;;;
474;17;4;;;;;;;;;;;;;;;;;;;;;;;
475;17;4;;;;;;;;;;;;;;;;;;;;;;;
476;17;4;;;;;;;;;;;;;;;;;;;;;;;
477;18;1;;;;;;;;;;;;;;;;;;;;;;;
478;18;1;;;;;;;;;;;;;;;;;;;;;;;
479;18;1;;;;;;;;;;;;;;;;;;;;;;;
480;18;1;;;;;;;;;;;;;;;;;;;;;;;
481;18;1;;;;;;;;;;;;;;;;;;;;;;;
482;18;1;;;;;;;;;;;;;;;;;;;;;;;
483;18;1;;;;;;;;;;;;;;;;;;;;;;;
484;18;2;;;;;;;;;;;;;;;;;;;;;;;
485;18;2;;;;;;;;;;;;;;;;;;;;;;;
486;18;2;;;;;;;;;;;;;;;;;;;;;;;
487;18;2;;;;;;;;;;;;;;;;;;;;;;;
488;18;2;;;;;;;;;;;;;;;;;;;;;;;
489;18;2;;;;;;;;;;;;;;;;;;;;;;;
490;18;2;;;;;;;;;;;;;;;;;;;;;;;
491;18;3;;;;;;;;;;;;;;;;;;;;;;;
492;18;3;;;;;;;;;;;;;;;;;;;;;;;
493;18;3;;;;;;;;;;;;;;;;;;;;;;;
494;18;3;;;;;;;;;;;;;;;;;;;;;;;
495;18;3;;;;;;;;;;;;;;;;;;;;;;;
496;18;3;;;;;;;;;;;;;;;;;;;;;;;
497;18;4;;;;;;;;;;;;;;;;;;;;;;;
498;18;4;;;;;;;;;;;;;;;;;;;;;;;
499;18;4;;;;;;;;;;;;;;;;;;;;;;;
500;18;4;;;;;;;;;;;;;;;;;;;;;;;
501;18;4;;;;;;;;;;;;;;;;;;;;;;;
502;18;4;;;;;;;;;;;;;;;;;;;;;;;
503;18;4;;;;;;;;;;;;;;;;;;;;;;;
504;18;4;;;;;;;;;;;;;;;;;;;;;;;
505;19;1;;;;;;;;;;;;;;;;;;;;;;;
506;19;1;;;;;;;;;;;;;;;;;;;;;;;
507;19;1;;;;;;;;;;;;;;;;;;;;;;;
508;19;1;;;;;;;;;;;;;;;;;;;;;;;
509;19;1;;;;;;;;;;;;;;;;;;;;;;;
510;19;1;;;;;;;;;;;;;;;;;;;;;;;
511;19;2;;;;;;;;;;;;;;;;;;;;;;;
512;19;2;;;;;;;;;;;;;;;;;;;;;;;
513;19;2;;;;;;;;;;;;;;;;;;;;;;;
514;19;2;;;;;;;;;;;;;;;;;;;;;;;
515;19;2;;;;;;;;;;;;;;;;;;;;;;;
516;19;2;;;;;;;;;;;;;;;;;;;;;;;
517;19;2;;;;;;;;;;;;;;;;;;;;;;;
518;19;3;;;;;;;;;;;;;;;;;;;;;;;
519;19;3;;;;;;;;;;;;;;;;;;;;;;;
520;19;3;;;;;;;;;;;;;;;;;;;;;;;
521;19;3;;;;;;;;;;;;;;;;;;;;;;;
522;19;3;;;;;;;;;;;;;;;;;;;;;;;
523;19;3;;;;;;;;;;;;;;;;;;;;;;;
524;19;3;;;;;;;;;;;;;;;;;;;;;;;
525;19;3;;;;;;;;;;;;;;;;;;;;;;;
526;19;4;;;;;;;;;;;;;;;;;;;;;;;
527;19;4;;;;;;;;;;;;;;;;;;;;;;;
528;19;4;;;;;;;;;;;;;;;;;;;;;;;
529;19;4;;;;;;;;;;;;;;;;;;;;;;;
530;19;4;;;;;;;;;;;;;;;;;;;;;;;
531;19;4;;;;;;;;;;;;;;;;;;;;;;;
532;19;4;;;;;;;;;;;;;;;;;;;;;;;
533;20;1;;;;;;;;;;;;;;;;;;;;;;;
534;20;1;;;;;;;;;;;;;;;;;;;;;;;
535;20;1;;;;;;;;;;;;;;;;;;;;;;;
536;20;1;;;;;;;;;;;;;;;;;;;;;;;
537;20;1;;;;;;;;;;;;;;;;;;;;;;;
538;20;2;;;;;;;;;;;;;;;;;;;;;;;
539;20;2;;;;;;;;;;;;;;;;;;;;;;;
540;20;2;;;;;;;;;;;;;;;;;;;;;;;
541;20;2;;;;;;;;;;;;;;;;;;;;;;;
542;20;2;;;;;;;;;;;;;;;;;;;;;;;
543;20;2;;;;;;;;;;;;;;;;;;;;;;;
544;20;2;;;;;;;;;;;;;;;;;;;;;;;
545;20;2;;;;;;;;;;;;;;;;;;;;;;;
546;20;2;;;;;;;;;;;;;;;;;;;;;;;
547;20;3;;;;;;;;;;;;;;;;;;;;;;;
548;20;3;;;;;;;;;;;;;;;;;;;;;;;
549;20;3;;;;;;;;;;;;;;;;;;;;;;;
550;20;3;;;;;;;;;;;;;;;;;;;;;;;
551;20;3;;;;;;;;;;;;;;;;;;;;;;;
552;20;4;;;;;;;;;;;;;;;;;;;;;;;
553;20;4;;;;;;;;;;;;;;;;;;;;;;;
554;20;4;;;;;;;;;;;;;;;;;;;;;;;
555;20;4;;;;;;;;;;;;;;;;;;;;;;;
556;20;4;;;;;;;;;;;;;;;;;;;;;;;
557;20;4;;;;;;;;;;;;;;;;;;;;;;;
558;20;4;;;;;;;;;;;;;;;;;;;;;;;
559;21;1;;;;;;;;;;;;;;;;;;;;;;;
560;21;1;;;;;;;;;;;;;;;;;;;;;;;
561;21;1;;;;;;;;;;;;;;;;;;;;;;;
562;21;1;;;;;;;;;;;;;;;;;;;;;;;
563;21;1;;;;;;;;;;;;;;;;;;;;;;;
564;21;1;;;;;;;;;;;;;;;;;;;;;;;
565;21;1;;;;;;;;;;;;;;;;;;;;;;;
566;21;2;;;;;;;;;;;;;;;;;;;;;;;
567;21;2;;;;;;;;;;;;;;;;;;;;;;;
568;21;2;;;;;;;;;;;;;;;;;;;;;;;
569;21;2;;;;;;;;;;;;;;;;;;;;;;;
570;21;2;;;;;;;;;;;;;;;;;;;;;;;
571;21;2;;;;;;;;;;;;;;;;;;;;;;;
572;21;2;;;;;;;;;;;;;;;;;;;;;;;
573;21;2;;;;;;;;;;;;;;;;;;;;;;;
574;21;3;;;;;;;;;;;;;;;;;;;;;;;
575;21;3;;;;;;;;;;;;;;;;;;;;;;;
576;21;3;;;;;;;;;;;;;;;;;;;;;;;
577;21;3;;;;;;;;;;;;;;;;;;;;;;;
578;21;3;;;;;;;;;;;;;;;;;;;;;;;
579;21;3;;;;;;;;;;;;;;;;;;;;;;;
580;21;3;;;;;;;;;;;;;;;;;;;;;;;
581;21;4;;;;;;;;;;;;;;;;;;;;;;;
582;21;4;;;;;;;;;;;;;;;;;;;;;;;
583;21;4;;;;;;;;;;;;;;;;;;;;;;;
584;21;4;;;;;;;;;;;;;;;;;;;;;;;
585;21;4;;;;;;;;;;;;;;;;;;;;;;;
586;21;4;;;;;;;;;;;;;;;;;;;;;;;
587;22;1;;;;;;;;;;;;;;;;;;;;;;;
588;22;1;;;;;;;;;;;;;;;;;;;;;;;
589;22;1;;;;;;;;;;;;;;;;;;;;;;;
590;22;1;;;;;;;;;;;;;;;;;;;;;;;
591;22;1;;;;;;;;;;;;;;;;;;;;;;;
592;22;1;;;;;;;;;;;;;;;;;;;;;;;
593;22;1;;;;;;;;;;;;;;;;;;;;;;;
594;22;2;;;;;;;;;;;;;;;;;;;;;;;
595;22;2;;;;;;;;;;;;;;;;;;;;;;;
596;22;2;;;;;;;;;;;;;;;;;;;;;;;
597;22;2;;;;;;;;;;;;;;;;;;;;;;;
598;22;2;;;;;;;;;;;;;;;;;;;;;;;
599;22;3;;;;;;;;;;;;;;;;;;;;;;;
600;22;3;;;;;;;;;;;;;;;;;;;;;;;
601;22;3;;;;;;;;;;;;;;;;;;;;;;;
602;22;3;;;;;;;;;;;;;;;;;;;;;;;
603;22;3;;;;;;;;;;;;;;;;;;;;;;;
604;22;3;;;;;;;;;;;;;;;;;;;;;;;
605;22;3;;;;;;;;;;;;;;;;;;;;;;;
606;22;4;;;;;;;;;;;;;;;;;;;;;;;
607;22;4;;;;;;;;;;;;;;;;;;;;;;;
608;22;4;;;;;;;;;;;;;;;;;;;;;;;
609;22;4;;;;;;;;;;;;;;;;;;;;;;;
610;22;4;;;;;;;;;;;;;;;;;;;;;;;
611;22;4;;;;;;;;;;;;;;;;;;;;;;;
612;22;4;;;;;;;;;;;;;;;;;;;;;;;
613;23;1;;;;;;;;;;;;;;;;;;;;;;;
614;23;1;;;;;;;;;;;;;;;;;;;;;;;
615;23;1;;;;;;;;;;;;;;;;;;;;;;;
616;23;1;;;;;;;;;;;;;;;;;;;;;;;
617;23;1;;;;;;;;;;;;;;;;;;;;;;;
618;23;1;;;;;;;;;;;;;;;;;;;;;;;
619;23;1;;;;;;;;;;;;;;;;;;;;;;;
620;23;1;;;;;;;;;;;;;;;;;;;;;;;
621;23;1;;;;;;;;;;;;;;;;;;;;;;;
622;23;2;;;;;;;;;;;;;;;;;;;;;;;
623;23;2;;;;;;;;;;;;;;;;;;;;;;;
624;23;2;;;;;;;;;;;;;;;;;;;;;;;
625;23;2;;;;;;;;;;;;;;;;;;;;;;;
626;23;2;;;;;;;;;;;;;;;;;;;;;;;
627;23;2;;;;;;;;;;;;;;;;;;;;;;;
628;23;3;;;;;;;;;;;;;;;;;;;;;;;
629;23;3;;;;;;;;;;;;;;;;;;;;;;;
630;23;3;;;;;;;;;;;;;;;;;;;;;;;
631;23;3;;;;;;;;;;;;;;;;;;;;;;;
632;23;3;;;;;;;;;;;;;;;;;;;;;;;
633;23;3;;;;;;;;;;;;;;;;;;;;;;;
634;23;4;;;;;;;;;;;;;;;;;;;;;;;
635;23;4;;;;;;;;;;;;;;;;;;;;;;;
636;23;4;;;;;;;;;;;;;;;;;;;;;;;
637;23;4;;;;;;;;;;;;;;;;;;;;;;;
638;23;4;;;;;;;;;;;;;;;;;;;;;;;
639;23;4;;;;;;;;;;;;;;;;;;;;;;;
640;23;4;;;;;;;;;;;;;;;;;;;;;;;
641;24;1;;;;;;;;;;;;;;;;;;;;;;;
642;24;1;;;;;;;;;;;;;;;;;;;;;;;
643;24;1;;;;;;;;;;;;;;;;;;;;;;;
644;24;1;;;;;;;;;;;;;;;;;;;;;;;
645;24;1;;;;;;;;;;;;;;;;;;;;;;;
646;24;1;;;;;;;;;;;;;;;;;;;;;;;
647;24;2;;;;;;;;;;;;;;;;;;;;;;;
648;24;2;;;;;;;;;;;;;;;;;;;;;;;
649;24;2;;;;;;;;;;;;;;;;;;;;;;;
650;24;2;;;;;;;;;;;;;;;;;;;;;;;
651;24;2;;;;;;;;;;;;;;;;;;;;;;;
652;24;2;;;;;;;;;;;;;;;;;;;;;;;
653;24;2;;;;;;;;;;;;;;;;;;;;;;;
654;24;3;;;;;;;;;;;;;;;;;;;;;;;
655;24;3;;;;;;;;;;;;;;;;;;;;;;;
656;24;3;;;;;;;;;;;;;;;;;;;;;;;
657;24;3;;;;;;;;;;;;;;;;;;;;;;;
658;24;3;;;;;;;;;;;;;;;;;;;;;;;
659;24;3;;;;;;;;;;;;;;;;;;;;;;;
660;24;4;;;;;;;;;;;;;;;;;;;;;;;
661;24;4;;;;;;;;;;;;;;;;;;;;;;;
662;24;4;;;;;;;;;;;;;;;;;;;;;;;
663;24;4;;;;;;;;;;;;;;;;;;;;;;;
664;24;4;;;;;;;;;;;;;;;;;;;;;;;
665;24;4;;;;;;;;;;;;;;;;;;;;;;;
666;24;4;;;;;;;;;;;;;;;;;;;;;;;
667;25;1;;;;;;;;;;;;;;;;;;;;;;;
668;25;1;;;;;;;;;;;;;;;;;;;;;;;
669;25;1;;;;;;;;;;;;;;;;;;;;;;;
670;25;1;;;;;;;;;;;;;;;;;;;;;;;
671;25;1;;;;;;;;;;;;;;;;;;;;;;;
672;25;1;;;;;;;;;;;;;;;;;;;;;;;
673;25;1;;;;;;;;;;;;;;;;;;;;;;;
674;25;2;;;;;;;;;;;;;;;;;;;;;;;
675;25;2;;;;;;;;;;;;;;;;;;;;;;;
676;25;2;;;;;;;;;;;;;;;;;;;;;;;
677;25;2;;;;;;;;;;;;;;;;;;;;;;;
678;25;2;;;;;;;;;;;;;;;;;;;;;;;
679;25;2;;;;;;;;;;;;;;;;;;;;;;;
680;25;3;;;;;;;;;;;;;;;;;;;;;;;
681;25;3;;;;;;;;;;;;;;;;;;;;;;;
682;25;3;;;;;;;;;;;;;;;;;;;;;;;
683;25;3;;;;;;;;;;;;;;;;;;;;;;;
684;25;3;;;;;;;;;;;;;;;;;;;;;;;
685;25;3;;;;;;;;;;;;;;;;;;;;;;;
686;25;3;;;;;;;;;;;;;;;;;;;;;;;
687;25;3;;;;;;;;;;;;;;;;;;;;;;;
688;25;4;;;;;;;;;;;;;;;;;;;;;;;
689;25;4;;;;;;;;;;;;;;;;;;;;;;;
690;25;4;;;;;;;;;;;;;;;;;;;;;;;
691;25;4;;;;;;;;;;;;;;;;;;;;;;;
692;25;4;;;;;;;;;;;;;;;;;;;;;;;
693;25;4;;;;;;;;;;;;;;;;;;;;;;;
694;25;4;;;;;;;;;;;;;;;;;;;;;;;
695;25;4;;;;;;;;;;;;;;;;;;;;;;;
696;25;4;;;;;;;;;;;;;;;;;;;;;;;
697;26;1;;;;;;;;;;;;;;;;;;;;;;;
698;26;1;;;;;;;;;;;;;;;;;;;;;;;
699;26;1;;;;;;;;;;;;;;;;;;;;;;;
700;26;1;;;;;;;;;;;;;;;;;;;;;;;
701;26;1;;;;;;;;;;;;;;;;;;;;;;;
702;26;1;;;;;;;;;;;;;;;;;;;;;;;
703;26;1;;;;;;;;;;;;;;;;;;;;;;;
704;26;2;;;;;;;;;;;;;;;;;;;;;;;
705;26;2;;;;;;;;;;;;;;;;;;;;;;;
706;26;2;;;;;;;;;;;;;;;;;;;;;;;
707;26;2;;;;;;;;;;;;;;;;;;;;;;;
708;26;2;;;;;;;;;;;;;;;;;;;;;;;
709;26;2;;;;;;;;;;;;;;;;;;;;;;;
710;26;2;;;;;;;;;;;;;;;;;;;;;;;
711;26;2;;;;;;;;;;;;;;;;;;;;;;;
712;26;2;;;;;;;;;;;;;;;;;;;;;;;
713;26;3;;;;;;;;;;;;;;;;;;;;;;;
714;26;3;;;;;;;;;;;;;;;;;;;;;;;
715;26;3;;;;;;;;;;;;;;;;;;;;;;;
716;26;3;;;;;;;;;;;;;;;;;;;;;;;
717;26;3;;;;;;;;;;;;;;;;;;;;;;;
718;26;4;;;;;;;;;;;;;;;;;;;;;;;
719;26;4;;;;;;;;;;;;;;;;;;;;;;;
720;26;4;;;;;;;;;;;;;;;;;;;;;;;
721;26;4;;;;;;;;;;;;;;;;;;;;;;;
722;26;4;;;;;;;;;;;;;;;;;;;;;;;
723;26;4;;;;;;;;;;;;;;;;;;;;;;;
724;26;4;;;;;;;;;;;;;;;;;;;;;;;
725;26;4;;;;;;;;;;;;;;;;;;;;;;;
726;26;4;;;;;;;;;;;;;;;;;;;;;;;
727;27;1;;;;;;;;;;;;;;;;;;;;;;;
728;27;1;;;;;;;;;;;;;;;;;;;;;;;
729;27;1;;;;;;;;;;;;;;;;;;;;;;;
730;27;1;;;;;;;;;;;;;;;;;;;;;;;
731;27;1;;;;;;;;;;;;;;;;;;;;;;;
732;27;1;;;;;;;;;;;;;;;;;;;;;;;
733;27;1;;;;;;;;;;;;;;;;;;;;;;;
734;27;1;;;;;;;;;;;;;;;;;;;;;;;
735;27;2;;;;;;;;;;;;;;;;;;;;;;;
736;27;2;;;;;;;;;;;;;;;;;;;;;;;
737;27;2;;;;;;;;;;;;;;;;;;;;;;;
738;27;2;;;;;;;;;;;;;;;;;;;;;;;
739;27;2;;;;;;;;;;;;;;;;;;;;;;;
740;27;2;;;;;;;;;;;;;;;;;;;;;;;
741;27;3;;;;;;;;;;;;;;;;;;;;;;;
742;27;3;;;;;;;;;;;;;;;;;;;;;;;
743;27;3;;;;;;;;;;;;;;;;;;;;;;;
744;27;3;;;;;;;;;;;;;;;;;;;;;;;
745;27;3;;;;;;;;;;;;;;;;;;;;;;;
746;27;3;;;;;;;;;;;;;;;;;;;;;;;
747;27;3;;;;;;;;;;;;;;;;;;;;;;;
748;27;4;;;;;;;;;;;;;;;;;;;;;;;
749;27;4;;;;;;;;;;;;;;;;;;;;;;;
750;27;4;;;;;;;;;;;;;;;;;;;;;;;
751;27;4;;;;;;;;;;;;;;;;;;;;;;;
752;27;4;;;;;;;;;;;;;;;;;;;;;;;
753;27;4;;;;;;;;;;;;;;;;;;;;;;;
754;27;4;;;;;;;;;;;;;;;;;;;;;;;
755;27;4;;;;;;;;;;;;;;;;;;;;;;;
756;27;4;;;;;;;;;;;;;;;;;;;;;;;
757;28;1;;;;;;;;;;;;;;;;;;;;;;;
758;28;1;;;;;;;;;;;;;;;;;;;;;;;
759;28;1;;;;;;;;;;;;;;;;;;;;;;;
760;28;1;;;;;;;;;;;;;;;;;;;;;;;
761;28;1;;;;;;;;;;;;;;;;;;;;;;;
762;28;1;;;;;;;;;;;;;;;;;;;;;;;
763;28;1;;;;;;;;;;;;;;;;;;;;;;;
764;28;2;;;;;;;;;;;;;;;;;;;;;;;
765;28;2;;;;;;;;;;;;;;;;;;;;;;;
766;28;2;;;;;;;;;;;;;;;;;;;;;;;
767;28;2;;;;;;;;;;;;;;;;;;;;;;;
768;28;2;;;;;;;;;;;;;;;;;;;;;;;
769;28;2;;;;;;;;;;;;;;;;;;;;;;;
770;28;3;;;;;;;;;;;;;;;;;;;;;;;
771;28;3;;;;;;;;;;;;;;;;;;;;;;;
772;28;3;;;;;;;;;;;;;;;;;;;;;;;
773;28;3;;;;;;;;;;;;;;;;;;;;;;;
774;28;3;;;;;;;;;;;;;;;;;;;;;;;
775;28;3;;;;;;;;;;;;;;;;;;;;;;;
776;28;3;;;;;;;;;;;;;;;;;;;;;;;
777;28;3;;;;;;;;;;;;;;;;;;;;;;;
778;28;4;;;;;;;;;;;;;;;;;;;;;;;
779;28;4;;;;;;;;;;;;;;;;;;;;;;;
780;28;4;;;;;;;;;;;;;;;;;;;;;;;
781;28;4;;;;;;;;;;;;;;;;;;;;;;;
782;28;4;;;;;;;;;;;;;;;;;;;;;;;
783;28;4;;;;;;;;;;;;;;;;;;;;;;;
784;28;4;;;;;;;;;;;;;;;;;;;;;;;
785;28;4;;;;;;;;;;;;;;;;;;;;;;;
786;28;4;;;;;;;;;;;;;;;;;;;;;;;
787;29;1;;;;;;;;;;;;;;;;;;;;;;;
788;29;1;;;;;;;;;;;;;;;;;;;;;;;
789;29;1;;;;;;;;;;;;;;;;;;;;;;;
790;29;1;;;;;;;;;;;;;;;;;;;;;;;
791;29;1;;;;;;;;;;;;;;;;;;;;;;;
792;29;1;;;;;;;;;;;;;;;;;;;;;;;
793;29;1;;;;;;;;;;;;;;;;;;;;;;;
794;29;2;;;;;;;;;;;;;;;;;;;;;;;
795;29;2;;;;;;;;;;;;;;;;;;;;;;;
796;29;2;;;;;;;;;;;;;;;;;;;;;;;
797;29;2;;;;;;;;;;;;;;;;;;;;;;;
798;29;2;;;;;;;;;;;;;;;;;;;;;;;
799;29;2;;;;;;;;;;;;;;;;;;;;;;;
800;29;2;;;;;;;;;;;;;;;;;;;;;;;
801;29;2;;;;;;;;;;;;;;;;;;;;;;;
802;29;2;;;;;;;;;;;;;;;;;;;;;;;
803;29;3;;;;;;;;;;;;;;;;;;;;;;;
804;29;3;;;;;;;;;;;;;;;;;;;;;;;
805;29;3;;;;;;;;;;;;;;;;;;;;;;;
806;29;3;;;;;;;;;;;;;;;;;;;;;;;
807;29;3;;;;;;;;;;;;;;;;;;;;;;;
808;29;3;;;;;;;;;;;;;;;;;;;;;;;
809;29;3;;;;;;;;;;;;;;;;;;;;;;;
810;29;3;;;;;;;;;;;;;;;;;;;;;;;
811;29;4;;;;;;;;;;;;;;;;;;;;;;;
812;29;4;;;;;;;;;;;;;;;;;;;;;;;
813;29;4;;;;;;;;;;;;;;;;;;;;;;;
814;29;4;;;;;;;;;;;;;;;;;;;;;;;
815;29;4;;;;;;;;;;;;;;;;;;;;;;;
816;29;4;;;;;;;;;;;;;;;;;;;;;;;
817;29;4;;;;;;;;;;;;;;;;;;;;;;;
818;29;4;;;;;;;;;;;;;;;;;;;;;;;
819;30;1;;;;;;;;;;;;;;;;;;;;;;;
820;30;1;;;;;;;;;;;;;;;;;;;;;;;
821;30;1;;;;;;;;;;;;;;;;;;;;;;;
822;30;1;;;;;;;;;;;;;;;;;;;;;;;
823;30;1;;;;;;;;;;;;;;;;;;;;;;;
824;30;1;;;;;;;;;;;;;;;;;;;;;;;
825;30;1;;;;;;;;;;;;;;;;;;;;;;;
826;30;2;;;;;;;;;;;;;;;;;;;;;;;
827;30;2;;;;;;;;;;;;;;;;;;;;;;;
828;30;2;;;;;;;;;;;;;;;;;;;;;;;
829;30;2;;;;;;;;;;;;;;;;;;;;;;;
830;30;2;;;;;;;;;;;;;;;;;;;;;;;
831;30;2;;;;;;;;;;;;;;;;;;;;;;;
832;30;2;;;;;;;;;;;;;;;;;;;;;;;
833;30;3;;;;;;;;;;;;;;;;;;;;;;;
834;30;3;;;;;;;;;;;;;;;;;;;;;;;
835;30;3;;;;;;;;;;;;;;;;;;;;;;;
836;30;3;;;;;;;;;;;;;;;;;;;;;;;
837;30;3;;;;;;;;;;;;;;;;;;;;;;;
838;30;3;;;;;;;;;;;;;;;;;;;;;;;
839;30;3;;;;;;;;;;;;;;;;;;;;;;;
840;30;4;;;;;;;;;;;;;;;;;;;;;;;
841;30;4;;;;;;;;;;;;;;;;;;;;;;;
842;30;4;;;;;;;;;;;;;;;;;;;;;;;
843;30;4;;;;;;;;;;;;;;;;;;;;;;;
844;30;4;;;;;;;;;;;;;;;;;;;;;;;
845;30;4;;;;;;;;;;;;;;;;;;;;;;;
846;30;4;;;;;;;;;;;;;;;;;;;;;;;
847;30;4;;;;;;;;;;;;;;;;;;;;;;;
848;30;4;;;;;;;;;;;;;;;;;;;;;;;
;;;;;;;;;;;;;;;;;;;;;;;;;
;;;;;;;;;;;;;;;;;;;;;;;;;
;;;;;;;;;;;;;;;;;;;;;;;;;
;;;;;;;;;;;;;;;;;;;;;;;;;
;;;;;;;;;;;;;;;;;;;;;;;;;
;;;;;;;;;;;;;;;;;;;;;;;;;
;;;;;;;;;;;;;;;;;;;;;;;;;
;;;;;;;;;;;;;;;;;;;;;;;;;
;;;;;;;;;;;;;;;;;;;;;;;;;
;;;;;;;;;;;;;;;;;;;;;;;;;
;;;;;;;;;;;;;;;;;;;;;;;;;
;;;;;;;;;;;;;;;;;;;;;;;;;
;;;;;;;;;;;;;;;;;;;;;;;;;
;;;;;;;;;;;;;;;;;;;;;;;;;
;;;;;;;;;;;;;;;;;;;;;;;;;
;;;;;;;;;;;;;;;;;;;;;;;;;
;;;;;;;;;;;;;;;;;;;;;;;;;
;;;;;;;;;;;;;;;;;;;;;;;;;
;;;;;;;;;;;;;;;;;;;;;;;;;
;;;;;;;;;;;;;;;;;;;;;;;;;
;;;;;;;;;;;;;;;;;;;;;;;;;
;;;;;;;;;;;;;;;;;;;;;;;;;
;;;;;;;;;;;;;;;;;;;;;;;;;
;;;;;;;;;;;;;;;;;;;;;;;;;
;;;;;;;;;;;;;;;;;;;;;;;;;
;;;;;;;;;;;;;;;;;;;;;;;;;
;;;;;;;;;;;;;;;;;;;;;;;;;
;;;;;;;;;;;;;;;;;;;;;;;;;
;;;;;;;;;;;;;;;;;;;;;;;;;
;;;;;;;;;;;;;;;;;;;;;;;;;
;;;;;;;;;;;;;;;;;;;;;;;;;
;;;;;;;;;;;;;;;;;;;;;;;;;
;;;;;;;;;;;;;;;;;;;;;;;;;
;;;;;;;;;;;;;;;;;;;;;;;;;
;;;;;;;;;;;;;;;;;;;;;;;;;
;;;;;;;;;;;;;;;;;;;;;;;;;
;;;;;;;;;;;;;;;;;;;;;;;;;
;;;;;;;;;;;;;;;;;;;;;;;;;
;;;;;;;;;;;;;;;;;;;;;;;;;
;;;;;;;;;;;;;;;;;;;;;;;;;
;;;;;;;;;;;;;;;;;;;;;;;;;
;;;;;;;;;;;;;;;;;;;;;;;;;
;;;;;;;;;;;;;;;;;;;;;;;;;
;;;;;;;;;;;;;;;;;;;;;;;;;
;;;;;;;;;;;;;;;;;;;;;;;;;
;;;;;;;;;;;;;;;;;;;;;;;;;
;;;;;;;;;;;;;;;;;;;;;;;;;
;;;;;;;;;;;;;;;;;;;;;;;;;
;;;;;;;;;;;;;;;;;;;;;;;;;
;;;;;;;;;;;;;;;;;;;;;;;;;
;;;;;;;;;;;;;;;;;;;;;;;;;
;;;;;;;;;;;;;;;;;;;;;;;;;
;;;;;;;;;;;;;;;;;;;;;;;;;
;;;;;;;;;;;;;;;;;;;;;;;;;
;;;;;;;;;;;;;;;;;;;;;;;;;
;;;;;;;;;;;;;;;;;;;;;;;;;
;;;;;;;;;;;;;;;;;;;;;;;;;
;;;;;;;;;;;;;;;;;;;;;;;;;
;;;;;;;;;;;;;;;;;;;;;;;;;
;;;;;;;;;;;;;;;;;;;;;;;;;
;;;;;;;;;;;;;;;;;;;;;;;;;
;;;;;;;;;;;;;;;;;;;;;;;;;
;;;;;;;;;;;;;;;;;;;;;;;;;
;;;;;;;;;;;;;;;;;;;;;;;;;
;;;;;;;;;;;;;;;;;;;;;;;;;
;;;;;;;;;;;;;;;;;;;;;;;;;
;;;;;;;;;;;;;;;;;;;;;;;;;
;;;;;;;;;;;;;;;;;;;;;;;;;
;;;;;;;;;;;;;;;;;;;;;;;;;
;;;;;;;;;;;;;;;;;;;;;;;;;
;;;;;;;;;;;;;;;;;;;;;;;;;
;;;;;;;;;;;;;;;;;;;;;;;;;
;;;;;;;;;;;;;;;;;;;;;;;;;
;;;;;;;;;;;;;;;;;;;;;;;;;
;;;;;;;;;;;;;;;;;;;;;;;;;
;;;;;;;;;;;;;;;;;;;;;;;;;
;;;;;;;;;;;;;;;;;;;;;;;;;
;;;;;;;;;;;;;;;;;;;;;;;;;
;;;;;;;;;;;;;;;;;;;;;;;;;
;;;;;;;;;;;;;;;;;;;;;;;;;
;;;;;;;;;;;;;;;;;;;;;;;;;
;;;;;;;;;;;;;;;;;;;;;;;;;
;;;;;;;;;;;;;;;;;;;;;;;;;
;;;;;;;;;;;;;;;;;;;;;;;;;
;;;;;;;;;;;;;;;;;;;;;;;;;
;;;;;;;;;;;;;;;;;;;;;;;;;
;;;;;;;;;;;;;;;;;;;;;;;;;
;;;;;;;;;;;;;;;;;;;;;;;;;
;;;;;;;;;;;;;;;;;;;;;;;;;
;;;;;;;;;;;;;;;;;;;;;;;;;
;;;;;;;;;;;;;;;;;;;;;;;;;
;;;;;;;;;;;;;;;;;;;;;;;;;
;;;;;;;;;;;;;;;;;;;;;;;;;
;;;;;;;;;;;;;;;;;;;;;;;;;
;;;;;;;;;;;;;;;;;;;;;;;;;
;;;;;;;;;;;;;;;;;;;;;;;;;
;;;;;;;;;;;;;;;;;;;;;;;;;
;;;;;;;;;;;;;;;;;;;;;;;;;
;;;;;;;;;;;;;;;;;;;;;;;;;
;;;;;;;;;;;;;;;;;;;;;;;;;
;;;;;;;;;;;;;;;;;;;;;;;;;
;;;;;;;;;;;;;;;;;;;;;;;;;
;;;;;;;;;;;;;;;;;;;;;;;;;
;;;;;;;;;;;;;;;;;;;;;;;;;
;;;;;;;;;;;;;;;;;;;;;;;;;
;;;;;;;;;;;;;;;;;;;;;;;;;
;;;;;;;;;;;;;;;;;;;;;;;;;
;;;;;;;;;;;;;;;;;;;;;;;;;
;;;;;;;;;;;;;;;;;;;;;;;;;
;;;;;;;;;;;;;;;;;;;;;;;;;
;;;;;;;;;;;;;;;;;;;;;;;;;
;;;;;;;;;;;;;;;;;;;;;;;;;
;;;;;;;;;;;;;;;;;;;;;;;;;
;;;;;;;;;;;;;;;;;;;;;;;;;
;;;;;;;;;;;;;;;;;;;;;;;;;
;;;;;;;;;;;;;;;;;;;;;;;;;
;;;;;;;;;;;;;;;;;;;;;;;;;
;;;;;;;;;;;;;;;;;;;;;;;;;
;;;;;;;;;;;;;;;;;;;;;;;;;
;;;;;;;;;;;;;;;;;;;;;;;;;
;;;;;;;;;;;;;;;;;;;;;;;;;
;;;;;;;;;;;;;;;;;;;;;;;;;
;;;;;;;;;;;;;;;;;;;;;;;;;
;;;;;;;;;;;;;;;;;;;;;;;;;
;;;;;;;;;;;;;;;;;;;;;;;;;
;;;;;;;;;;;;;;;;;;;;;;;;;
;;;;;;;;;;;;;;;;;;;;;;;;;
;;;;;;;;;;;;;;;;;;;;;;;;;
;;;;;;;;;;;;;;;;;;;;;;;;;
;;;;;;;;;;;;;;;;;;;;;;;;;
;;;;;;;;;;;;;;;;;;;;;;;;;
;;;;;;;;;;;;;;;;;;;;;;;;;
;;;;;;;;;;;;;;;;;;;;;;;;;
;;;;;;;;;;;;;;;;;;;;;;;;;
;;;;;;;;;;;;;;;;;;;;;;;;;
;;;;;;;;;;;;;;;;;;;;;;;;;
;;;;;;;;;;;;;;;;;;;;;;;;;
;;;;;;;;;;;;;;;;;;;;;;;;;
;;;;;;;;;;;;;;;;;;;;;;;;;
;;;;;;;;;;;;;;;;;;;;;;;;;
;;;;;;;;;;;;;;;;;;;;;;;;;
;;;;;;;;;;;;;;;;;;;;;;;;;
;;;;;;;;;;;;;;;;;;;;;;;;;
;;;;;;;;;;;;;;;;;;;;;;;;;
;;;;;;;;;;;;;;;;;;;;;;;;;
;;;;;;;;;;;;;;;;;;;;;;;;;
;;;;;;;;;;;;;;;;;;;;;;;;;
;;;;;;;;;;;;;;;;;;;;;;;;;
;;;;;;;;;;;;;;;;;;;;;;;;;
;;;;;;;;;;;;;;;;;;;;;;;;;
;;;;;;;;;;;;;;;;;;;;;;;;;
